,avg_ratings,all_ratings,actual_price,with_discount,reviews
0,4.2,"67,310 Ratings","₹9,999","₹6,249"," 3,748 Reviews"
1,4.1,"7,390 Ratings","₹10,999","₹6,499", 306 Reviews
2,4.1,"14,155 Ratings","₹9,999","₹6,999", 707 Reviews
3,4.2,"53,774 Ratings",,"₹9,999"," 3,577 Reviews"
4,4.2,"1,01,658 Ratings","₹10,999","₹7,699"," 4,749 Reviews"
5,4.2,"1,01,658 Ratings","₹11,499","₹8,299"," 4,749 Reviews"
6,3.9,"29,781 Ratings","₹8,999","₹5,799"," 1,400 Reviews"
7,4.4,"14,853 Ratings","₹13,999","₹9,999", 472 Reviews
8,4.1,"14,155 Ratings","₹9,999","₹6,999", 707 Reviews
9,3.6,"4,406 Ratings","₹12,999","₹8,799", 214 Reviews
10,4.3,"3,223 Ratings","₹9,999","₹6,657", 136 Reviews
11,4.5,471 Ratings,"₹57,999","₹52,763", 38 Reviews
12,4.2,"53,774 Ratings",,"₹9,999"," 3,577 Reviews"
13,4.5,"10,671 Ratings","₹23,499","₹19,499", 531 Reviews
14,4.3,"2,12,390 Ratings",,"₹14,999"," 10,811 Reviews"
15,3.9,"29,781 Ratings","₹8,999","₹6,299"," 1,400 Reviews"
16,4.4,"1,11,561 Ratings","₹17,999","₹13,999"," 5,538 Reviews"
17,4.4,"17,423 Ratings","₹14,999","₹10,999", 543 Reviews
18,4.4,"17,423 Ratings","₹14,999","₹10,999", 543 Reviews
19,4.5,"10,671 Ratings","₹23,499","₹19,499", 531 Reviews
20,4.2,"67,519 Ratings","₹15,999","₹9,999"," 3,934 Reviews"
21,4.1,"14,155 Ratings","₹9,999","₹6,999", 707 Reviews
22,3.9,"29,781 Ratings","₹8,999","₹6,299"," 1,400 Reviews"
23,4.2,"12,865 Ratings","₹7,999","₹5,999", 950 Reviews
24,4.2,"67,310 Ratings","₹9,999","₹6,249"," 3,748 Reviews"
25,4.1,"7,390 Ratings","₹10,999","₹6,499", 306 Reviews
26,4.1,"14,155 Ratings","₹9,999","₹6,999", 707 Reviews
27,4.2,"53,774 Ratings",,"₹9,999"," 3,577 Reviews"
28,4.2,"1,01,658 Ratings","₹10,999","₹7,699"," 4,749 Reviews"
29,4.2,"1,01,658 Ratings","₹11,499","₹8,299"," 4,749 Reviews"
30,3.9,"29,781 Ratings","₹8,999","₹5,799"," 1,400 Reviews"
31,4.4,"14,853 Ratings","₹13,999","₹9,999", 472 Reviews
32,4.1,"14,155 Ratings","₹9,999","₹6,999", 707 Reviews
33,3.6,"4,406 Ratings","₹12,999","₹8,799", 214 Reviews
34,4.3,"3,223 Ratings","₹9,999","₹6,657", 136 Reviews
35,4.2,"53,774 Ratings",,"₹9,999"," 3,577 Reviews"
36,4.5,"10,671 Ratings","₹23,499","₹19,499", 531 Reviews
37,4.3,"2,12,390 Ratings",,"₹14,999"," 10,811 Reviews"
38,3.9,"29,781 Ratings","₹8,999","₹6,299"," 1,400 Reviews"
39,4.4,"1,11,561 Ratings","₹17,999","₹13,999"," 5,538 Reviews"
40,4.4,"17,423 Ratings","₹14,999","₹10,999", 543 Reviews
41,4.4,"17,423 Ratings","₹14,999","₹10,999", 543 Reviews
42,4.5,"10,671 Ratings","₹23,499","₹19,499", 531 Reviews
43,4.2,"67,519 Ratings","₹15,999","₹9,999"," 3,934 Reviews"
44,4.1,"14,155 Ratings","₹9,999","₹6,999", 707 Reviews
45,3.9,"29,781 Ratings","₹8,999","₹6,299"," 1,400 Reviews"
46,4.2,"12,865 Ratings","₹7,999","₹5,999", 950 Reviews
47,4.3,"6,717 Ratings","₹16,999","₹12,999", 294 Reviews
48,4.2,"67,310 Ratings","₹9,999","₹6,249"," 3,748 Reviews"
49,4.1,"7,390 Ratings","₹10,999","₹6,499", 306 Reviews
50,4.1,"14,155 Ratings","₹9,999","₹6,999", 707 Reviews
51,4.2,"53,774 Ratings",,"₹9,999"," 3,577 Reviews"
52,4.2,"1,01,658 Ratings","₹10,999","₹7,699"," 4,749 Reviews"
53,4.2,"1,01,658 Ratings","₹11,499","₹8,299"," 4,749 Reviews"
54,3.9,"29,781 Ratings","₹8,999","₹5,799"," 1,400 Reviews"
55,4.4,"14,853 Ratings","₹13,999","₹9,999", 472 Reviews
56,4.1,"14,155 Ratings","₹9,999","₹6,999", 707 Reviews
57,3.6,"4,406 Ratings","₹12,999","₹8,799", 214 Reviews
58,4.3,"3,223 Ratings","₹9,999","₹6,657", 136 Reviews
59,4.5,471 Ratings,"₹57,999","₹52,763", 38 Reviews
60,4.2,"53,774 Ratings",,"₹9,999"," 3,577 Reviews"
61,4.5,"10,671 Ratings","₹23,499","₹19,499", 531 Reviews
62,4.3,"2,12,390 Ratings",,"₹14,999"," 10,811 Reviews"
63,3.9,"29,781 Ratings","₹8,999","₹6,299"," 1,400 Reviews"
64,4.4,"1,11,561 Ratings","₹17,999","₹13,999"," 5,538 Reviews"
65,4.4,"17,423 Ratings","₹14,999","₹10,999", 543 Reviews
66,4.4,"17,423 Ratings","₹14,999","₹10,999", 543 Reviews
67,4.5,"10,671 Ratings","₹23,499","₹19,499", 531 Reviews
68,4.2,"67,519 Ratings","₹15,999","₹9,999"," 3,934 Reviews"
69,4.1,"14,155 Ratings","₹9,999","₹6,999", 707 Reviews
70,3.9,"29,781 Ratings","₹8,999","₹6,299"," 1,400 Reviews"
71,4.2,"12,865 Ratings","₹7,999","₹5,999", 950 Reviews
72,4.2,"67,310 Ratings","₹9,999","₹6,249"," 3,748 Reviews"
73,4.1,"7,390 Ratings","₹10,999","₹6,499", 306 Reviews
74,4.1,"14,155 Ratings","₹9,999","₹6,999", 707 Reviews
75,4.2,"53,774 Ratings",,"₹9,999"," 3,577 Reviews"
76,4.2,"1,01,658 Ratings","₹10,999","₹7,699"," 4,749 Reviews"
77,4.2,"1,01,658 Ratings","₹11,499","₹8,299"," 4,749 Reviews"
78,3.9,"29,781 Ratings","₹8,999","₹5,799"," 1,400 Reviews"
79,4.4,"14,853 Ratings","₹13,999","₹9,999", 472 Reviews
80,4.1,"14,155 Ratings","₹9,999","₹6,999", 707 Reviews
81,3.6,"4,406 Ratings","₹12,999","₹8,799", 214 Reviews
82,4.3,"3,223 Ratings","₹9,999","₹6,657", 136 Reviews
83,4.5,471 Ratings,"₹57,999","₹52,763", 38 Reviews
84,4.2,"53,774 Ratings",,"₹9,999"," 3,577 Reviews"
85,4.5,"10,671 Ratings","₹23,499","₹19,499", 531 Reviews
86,4.3,"2,12,390 Ratings",,"₹14,999"," 10,811 Reviews"
87,3.9,"29,781 Ratings","₹8,999","₹6,299"," 1,400 Reviews"
88,4.4,"1,11,561 Ratings","₹17,999","₹13,999"," 5,538 Reviews"
89,4.4,"17,423 Ratings","₹14,999","₹10,999", 543 Reviews
90,4.4,"17,423 Ratings","₹14,999","₹10,999", 543 Reviews
91,4.5,"10,671 Ratings","₹23,499","₹19,499", 531 Reviews
92,4.2,"67,519 Ratings","₹15,999","₹9,999"," 3,934 Reviews"
93,4.1,"14,155 Ratings","₹9,999","₹6,999", 707 Reviews
94,3.9,"29,781 Ratings","₹8,999","₹6,299"," 1,400 Reviews"
95,4.2,"12,865 Ratings","₹7,999","₹5,999", 950 Reviews
96,4.2,"67,310 Ratings","₹9,999","₹6,249"," 3,748 Reviews"
97,4.1,"7,390 Ratings","₹10,999","₹6,499", 306 Reviews
98,4.1,"14,155 Ratings","₹9,999","₹6,999", 707 Reviews
99,4.2,"53,774 Ratings",,"₹9,999"," 3,577 Reviews"
100,4.2,"1,01,658 Ratings","₹10,999","₹7,699"," 4,749 Reviews"
101,4.2,"1,01,658 Ratings","₹11,499","₹8,299"," 4,749 Reviews"
102,3.9,"29,781 Ratings","₹8,999","₹5,799"," 1,400 Reviews"
103,4.4,"14,853 Ratings","₹13,999","₹9,999", 472 Reviews
104,4.1,"14,155 Ratings","₹9,999","₹6,999", 707 Reviews
105,3.6,"4,406 Ratings","₹12,999","₹8,799", 214 Reviews
106,4.3,"3,223 Ratings","₹9,999","₹6,657", 136 Reviews
107,4.5,471 Ratings,"₹57,999","₹52,763", 38 Reviews
108,4.2,"53,774 Ratings",,"₹9,999"," 3,577 Reviews"
109,4.5,"10,671 Ratings","₹23,499","₹19,499", 531 Reviews
110,4.3,"2,12,390 Ratings",,"₹14,999"," 10,811 Reviews"
111,3.9,"29,781 Ratings","₹8,999","₹6,299"," 1,400 Reviews"
112,4.4,"1,11,561 Ratings","₹17,999","₹13,999"," 5,538 Reviews"
113,4.4,"17,423 Ratings","₹14,999","₹10,999", 543 Reviews
114,4.4,"17,423 Ratings","₹14,999","₹10,999", 543 Reviews
115,4.5,"10,671 Ratings","₹23,499","₹19,499", 531 Reviews
116,4.2,"67,519 Ratings","₹15,999","₹9,999"," 3,934 Reviews"
117,4.1,"14,155 Ratings","₹9,999","₹6,999", 707 Reviews
118,3.9,"29,781 Ratings","₹8,999","₹6,299"," 1,400 Reviews"
119,4.2,"12,865 Ratings","₹7,999","₹5,999", 950 Reviews
120,4.2,"67,310 Ratings","₹9,999","₹6,249"," 3,748 Reviews"
121,4.1,"7,390 Ratings","₹10,999","₹6,499", 306 Reviews
122,4.1,"14,155 Ratings","₹9,999","₹6,999", 707 Reviews
123,4.2,"53,774 Ratings",,"₹9,999"," 3,577 Reviews"
124,4.2,"1,01,658 Ratings","₹10,999","₹7,699"," 4,749 Reviews"
125,4.2,"1,01,658 Ratings","₹11,499","₹8,299"," 4,749 Reviews"
126,3.9,"29,781 Ratings","₹8,999","₹5,799"," 1,400 Reviews"
127,4.4,"14,853 Ratings","₹13,999","₹9,999", 472 Reviews
128,4.1,"14,155 Ratings","₹9,999","₹6,999", 707 Reviews
129,3.6,"4,406 Ratings","₹12,999","₹8,799", 214 Reviews
130,4.3,"3,223 Ratings","₹9,999","₹6,657", 136 Reviews
131,4.5,471 Ratings,"₹57,999","₹52,763", 38 Reviews
132,4.2,"53,774 Ratings",,"₹9,999"," 3,577 Reviews"
133,4.5,"10,671 Ratings","₹23,499","₹19,499", 531 Reviews
134,4.3,"2,12,390 Ratings",,"₹14,999"," 10,811 Reviews"
135,3.9,"29,781 Ratings","₹8,999","₹6,299"," 1,400 Reviews"
136,4.4,"1,11,561 Ratings","₹17,999","₹13,999"," 5,538 Reviews"
137,4.4,"17,423 Ratings","₹14,999","₹10,999", 543 Reviews
138,4.4,"17,423 Ratings","₹14,999","₹10,999", 543 Reviews
139,4.5,"10,671 Ratings","₹23,499","₹19,499", 531 Reviews
140,4.2,"67,519 Ratings","₹15,999","₹9,999"," 3,934 Reviews"
141,4.1,"14,155 Ratings","₹9,999","₹6,999", 707 Reviews
142,3.9,"29,781 Ratings","₹8,999","₹6,299"," 1,400 Reviews"
143,4.2,"12,865 Ratings","₹7,999","₹5,999", 950 Reviews
144,4.2,"67,310 Ratings","₹9,999","₹6,249"," 3,748 Reviews"
145,4.1,"7,390 Ratings","₹10,999","₹6,499", 306 Reviews
146,4.1,"14,155 Ratings","₹9,999","₹6,999", 707 Reviews
147,4.2,"53,774 Ratings",,"₹9,999"," 3,577 Reviews"
148,4.2,"1,01,658 Ratings","₹10,999","₹7,699"," 4,749 Reviews"
149,4.2,"1,01,658 Ratings","₹11,499","₹8,299"," 4,749 Reviews"
150,3.9,"29,781 Ratings","₹8,999","₹5,799"," 1,400 Reviews"
151,4.4,"14,853 Ratings","₹13,999","₹9,999", 472 Reviews
152,4.1,"14,155 Ratings","₹9,999","₹6,999", 707 Reviews
153,3.6,"4,406 Ratings","₹12,999","₹8,799", 214 Reviews
154,4.3,"3,223 Ratings","₹9,999","₹6,657", 136 Reviews
155,4.2,"53,774 Ratings",,"₹9,999"," 3,577 Reviews"
156,4.5,"10,671 Ratings","₹23,499","₹19,499", 531 Reviews
157,4.3,"2,12,390 Ratings",,"₹14,999"," 10,811 Reviews"
158,3.9,"29,781 Ratings","₹8,999","₹6,299"," 1,400 Reviews"
159,4.4,"1,11,561 Ratings","₹17,999","₹13,999"," 5,538 Reviews"
160,4.4,"17,423 Ratings","₹14,999","₹10,999", 543 Reviews
161,4.4,"17,423 Ratings","₹14,999","₹10,999", 543 Reviews
162,4.5,"10,671 Ratings","₹23,499","₹19,499", 531 Reviews
163,4.2,"67,519 Ratings","₹15,999","₹9,999"," 3,934 Reviews"
164,4.1,"14,155 Ratings","₹9,999","₹6,999", 707 Reviews
165,3.9,"29,781 Ratings","₹8,999","₹6,299"," 1,400 Reviews"
166,4.2,"12,865 Ratings","₹7,999","₹5,999", 950 Reviews
167,4.3,"6,717 Ratings","₹16,999","₹12,999", 294 Reviews
168,4.2,"67,310 Ratings","₹9,999","₹6,249"," 3,748 Reviews"
169,4.1,"7,390 Ratings","₹10,999","₹6,499", 306 Reviews
170,4.1,"14,155 Ratings","₹9,999","₹6,999", 707 Reviews
171,4.2,"53,774 Ratings",,"₹9,999"," 3,577 Reviews"
172,4.2,"1,01,658 Ratings","₹10,999","₹7,699"," 4,749 Reviews"
173,4.2,"1,01,658 Ratings","₹11,499","₹8,299"," 4,749 Reviews"
174,3.9,"29,781 Ratings","₹8,999","₹5,799"," 1,400 Reviews"
175,4.4,"14,853 Ratings","₹13,999","₹9,999", 472 Reviews
176,4.1,"14,155 Ratings","₹9,999","₹6,999", 707 Reviews
177,3.6,"4,406 Ratings","₹12,999","₹8,799", 214 Reviews
178,4.3,"3,223 Ratings","₹9,999","₹6,657", 136 Reviews
179,4.5,471 Ratings,"₹57,999","₹52,763", 38 Reviews
180,4.2,"53,774 Ratings",,"₹9,999"," 3,577 Reviews"
181,4.5,"10,671 Ratings","₹23,499","₹19,499", 531 Reviews
182,4.3,"2,12,390 Ratings",,"₹14,999"," 10,811 Reviews"
183,3.9,"29,781 Ratings","₹8,999","₹6,299"," 1,400 Reviews"
184,4.4,"1,11,561 Ratings","₹17,999","₹13,999"," 5,538 Reviews"
185,4.4,"17,423 Ratings","₹14,999","₹10,999", 543 Reviews
186,4.4,"17,423 Ratings","₹14,999","₹10,999", 543 Reviews
187,4.5,"10,671 Ratings","₹23,499","₹19,499", 531 Reviews
188,4.2,"67,519 Ratings","₹15,999","₹9,999"," 3,934 Reviews"
189,4.1,"14,155 Ratings","₹9,999","₹6,999", 707 Reviews
190,3.9,"29,781 Ratings","₹8,999","₹6,299"," 1,400 Reviews"
191,4.2,"12,865 Ratings","₹7,999","₹5,999", 950 Reviews
192,4.2,"67,310 Ratings","₹9,999","₹6,249"," 3,748 Reviews"
193,4.1,"7,390 Ratings","₹10,999","₹6,499", 306 Reviews
194,4.1,"14,155 Ratings","₹9,999","₹6,999", 707 Reviews
195,4.2,"53,774 Ratings",,"₹9,999"," 3,577 Reviews"
196,4.2,"1,01,658 Ratings","₹10,999","₹7,699"," 4,749 Reviews"
197,4.2,"1,01,658 Ratings","₹11,499","₹8,299"," 4,749 Reviews"
198,3.9,"29,781 Ratings","₹8,999","₹5,799"," 1,400 Reviews"
199,4.4,"14,853 Ratings","₹13,999","₹9,999", 472 Reviews
200,4.1,"14,155 Ratings","₹9,999","₹6,999", 707 Reviews
201,3.6,"4,406 Ratings","₹12,999","₹8,799", 214 Reviews
202,4.3,"3,223 Ratings","₹9,999","₹6,657", 136 Reviews
203,4.5,471 Ratings,"₹57,999","₹52,763", 38 Reviews
204,4.2,"53,774 Ratings",,"₹9,999"," 3,577 Reviews"
205,4.5,"10,671 Ratings","₹23,499","₹19,499", 531 Reviews
206,4.3,"2,12,390 Ratings",,"₹14,999"," 10,811 Reviews"
207,3.9,"29,781 Ratings","₹8,999","₹6,299"," 1,400 Reviews"
208,4.4,"1,11,561 Ratings","₹17,999","₹13,999"," 5,538 Reviews"
209,4.4,"17,423 Ratings","₹14,999","₹10,999", 543 Reviews
210,4.4,"17,423 Ratings","₹14,999","₹10,999", 543 Reviews
211,4.5,"10,671 Ratings","₹23,499","₹19,499", 531 Reviews
212,4.2,"67,519 Ratings","₹15,999","₹9,999"," 3,934 Reviews"
213,4.1,"14,155 Ratings","₹9,999","₹6,999", 707 Reviews
214,3.9,"29,781 Ratings","₹8,999","₹6,299"," 1,400 Reviews"
215,4.2,"12,865 Ratings","₹7,999","₹5,999", 950 Reviews
216,4.3,"2,61,447 Ratings","₹14,999","₹10,999"," 15,084 Reviews"
217,4.3,"2,61,447 Ratings","₹14,999","₹10,999"," 15,084 Reviews"
218,4.3,"2,61,447 Ratings","₹14,999","₹9,999"," 15,084 Reviews"
219,4.2,"49,682 Ratings","₹16,999","₹12,999"," 3,073 Reviews"
220,4.3,"2,61,447 Ratings","₹14,999","₹9,790"," 15,084 Reviews"
221,4.3,"2,61,447 Ratings","₹14,999","₹10,999"," 15,084 Reviews"
222,4.3,"2,61,447 Ratings","₹14,999","₹10,999"," 15,084 Reviews"
223,4.2,"49,682 Ratings","₹16,999","₹12,999"," 3,073 Reviews"
224,4.2,"49,682 Ratings","₹17,999","₹9,190"," 3,073 Reviews"
225,4.3,"90,489 Ratings",,"₹13,999"," 8,302 Reviews"
226,4.3,"2,61,447 Ratings","₹14,999","₹10,999"," 15,084 Reviews"
227,4.4,"86,185 Ratings",,"₹11,999"," 6,283 Reviews"
228,4.2,"6,558 Ratings",,, 342 Reviews
229,4.1,346 Ratings,,"₹54,999", 37 Reviews
230,4.4,"86,185 Ratings",,"₹11,999"," 6,283 Reviews"
231,4.4,"86,185 Ratings",,"₹11,999"," 6,283 Reviews"
232,4.3,"90,489 Ratings",,"₹13,999"," 8,302 Reviews"
233,4.3,"1,69,481 Ratings","₹10,999","₹9,499"," 11,571 Reviews"
234,4.4,"86,185 Ratings",,"₹11,999"," 6,283 Reviews"
235,4.3,"90,489 Ratings",,"₹13,999"," 8,302 Reviews"
236,4.1,346 Ratings,,"₹59,999", 37 Reviews
237,4,53 Ratings,"₹8,299","₹6,299", 4 Reviews
238,4,53 Ratings,"₹8,299","₹6,771", 4 Reviews
239,4.2,"4,169 Ratings","₹39,999","₹22,999", 572 Reviews
240,4.1,84 Ratings,"₹31,999","₹28,888", 10 Reviews
241,4.2,"8,213 Ratings","₹14,999","₹8,890", 460 Reviews
242,4.5,"1,877 Ratings","₹61,999","₹41,840", 157 Reviews
243,3.9,"29,781 Ratings","₹8,999","₹5,799"," 1,400 Reviews"
244,4.3,"1,200 Ratings","₹13,999","₹10,499", 69 Reviews
245,3.9,"29,781 Ratings","₹8,999","₹5,799"," 1,400 Reviews"
246,4.3,262 Ratings,"₹8,999","₹6,799", 25 Reviews
247,4.1,"20,800 Ratings","₹12,499","₹8,499"," 1,349 Reviews"
248,4.1,"20,800 Ratings","₹13,999","₹9,499"," 1,349 Reviews"
249,4.1,"20,800 Ratings","₹12,499","₹8,499"," 1,349 Reviews"
250,4.3,42 Ratings,"₹7,399","₹6,115", 1 Reviews
251,4.1,"8,878 Ratings","₹15,499","₹10,999", 607 Reviews
252,4.3,262 Ratings,"₹8,999","₹6,799", 25 Reviews
253,4,361 Ratings,"₹6,199","₹5,680", 14 Reviews
254,4,361 Ratings,"₹6,199","₹5,699", 14 Reviews
255,4.2,"1,071 Ratings","₹9,999","₹8,499", 54 Reviews
256,4.3,262 Ratings,"₹8,999","₹6,799", 25 Reviews
257,4.6,140 Ratings,,"₹79,999", 21 Reviews
258,4.1,"20,800 Ratings","₹13,999","₹9,499"," 1,349 Reviews"
259,4.4,"2,39,065 Ratings","₹7,999","₹7,499"," 10,079 Reviews"
260,4,361 Ratings,"₹6,499","₹5,699", 14 Reviews
261,4.5,"3,542 Ratings","₹79,999","₹64,999", 338 Reviews
262,4.1,"8,878 Ratings","₹15,499","₹10,999", 607 Reviews
263,4.4,"4,61,318 Ratings","₹7,999","₹7,599"," 29,058 Reviews"
264,4.6,"2,12,267 Ratings","₹49,900","₹48,900"," 13,915 Reviews"
265,4.6,46 Ratings,"₹59,999","₹49,999", 5 Reviews
266,4.4,42 Ratings,"₹69,999","₹51,499", 5 Reviews
267,4.4,42 Ratings,,"₹64,999", 5 Reviews
268,4.6,"1,399 Ratings","₹64,999","₹48,459", 113 Reviews
269,4.6,"1,519 Ratings","₹69,999","₹59,499", 131 Reviews
270,4.3,"2,558 Ratings","₹20,999","₹17,999", 131 Reviews
271,4.4,25 Ratings,"₹59,999","₹42,900", 4 Reviews
272,4.6,46 Ratings,"₹59,999","₹54,990", 5 Reviews
273,4.4,"8,116 Ratings","₹19,999","₹16,999", 513 Reviews
274,4.3,"2,558 Ratings","₹20,999","₹17,999", 131 Reviews
275,4.2,"2,644 Ratings","₹31,999","₹26,999", 211 Reviews
276,4.4,"5,340 Ratings","₹49,000","₹26,499", 430 Reviews
277,4.2,5 Ratings,"₹69,999","₹54,999", 0 Reviews
278,4.6,"1,519 Ratings","₹69,999","₹58,477", 131 Reviews
279,4.6,"2,12,267 Ratings","₹49,900","₹48,900"," 13,915 Reviews"
280,4.2,"32,698 Ratings","₹12,999","₹9,999"," 2,036 Reviews"
281,4.6,"2,12,267 Ratings","₹49,900","₹48,900"," 13,915 Reviews"
282,4.2,"32,698 Ratings","₹12,999","₹9,999"," 2,036 Reviews"
283,4.4,"8,116 Ratings","₹19,999","₹16,999", 513 Reviews
284,4.2,"2,644 Ratings","₹32,999","₹19,989", 211 Reviews
285,4.6,"2,12,267 Ratings","₹54,900","₹49,900"," 13,915 Reviews"
286,4.6,"2,12,267 Ratings",,"₹49,900"," 13,915 Reviews"
287,4.6,"2,12,267 Ratings",,"₹49,900"," 13,915 Reviews"
288,4.4,254 Ratings,"₹72,999","₹65,499", 18 Reviews
289,4.6,"2,93,735 Ratings","₹49,900","₹44,999"," 13,988 Reviews"
290,4.4,254 Ratings,"₹72,999","₹67,999", 18 Reviews
291,4.6,"2,93,735 Ratings","₹49,900","₹44,999"," 13,988 Reviews"
292,4.6,"2,93,735 Ratings","₹49,900","₹44,999"," 13,988 Reviews"
293,4.4,254 Ratings,"₹72,999","₹65,398", 18 Reviews
294,4.2,"44,780 Ratings","₹17,999","₹12,499"," 2,276 Reviews"
295,4.2,"44,780 Ratings","₹17,999","₹11,950"," 2,276 Reviews"
296,4.2,"44,780 Ratings","₹17,999","₹12,100"," 2,276 Reviews"
297,4.5,471 Ratings,"₹57,999","₹52,763", 38 Reviews
298,4.5,"2,838 Ratings","₹44,999","₹40,999", 193 Reviews
299,4.2,"44,780 Ratings","₹17,999","₹12,499"," 2,276 Reviews"
300,4.2,"44,780 Ratings","₹17,999","₹13,998"," 2,276 Reviews"
301,4.6,"2,93,735 Ratings","₹49,900","₹44,999"," 13,988 Reviews"
302,4.5,471 Ratings,"₹57,999","₹53,900", 38 Reviews
303,4.5,"2,838 Ratings","₹44,999","₹40,499", 193 Reviews
304,4.5,471 Ratings,"₹62,999","₹58,999", 38 Reviews
305,4.7,170 Ratings,"₹79,999","₹74,999", 15 Reviews
306,4.5,471 Ratings,"₹57,999","₹54,999", 38 Reviews
307,4.5,471 Ratings,"₹62,999","₹58,991", 38 Reviews
308,4.5,471 Ratings,"₹54,999","₹54,899", 38 Reviews
309,4.7,170 Ratings,"₹79,999","₹69,999", 15 Reviews
310,4.6,"2,93,735 Ratings","₹79,900","₹74,999"," 13,988 Reviews"
311,4.6,"2,93,735 Ratings","₹49,900","₹44,999"," 13,988 Reviews"
312,4.3,"2,399 Ratings","₹21,999","₹15,999", 116 Reviews
313,4.6,"3,14,242 Ratings","₹59,900","₹52,990"," 11,692 Reviews"
314,4.6,"3,14,242 Ratings","₹59,900","₹52,990"," 11,692 Reviews"
315,4.6,"3,14,242 Ratings","₹59,900","₹52,990"," 11,692 Reviews"
316,4.6,"86,284 Ratings",,"₹69,900"," 4,756 Reviews"
317,4.5,752 Ratings,"₹79,999","₹59,990", 120 Reviews
318,4.5,752 Ratings,"₹79,999","₹59,990", 120 Reviews
319,4.6,"3,14,242 Ratings","₹59,900","₹52,990"," 11,692 Reviews"
320,4.5,752 Ratings,"₹79,999","₹69,999", 120 Reviews
321,4.6,"3,14,242 Ratings","₹59,900","₹52,990"," 11,692 Reviews"
322,4.6,"3,14,242 Ratings","₹59,900","₹52,990"," 11,692 Reviews"
323,4.1,"2,507 Ratings","₹19,999","₹14,999", 122 Reviews
324,4.1,"2,507 Ratings","₹19,999","₹14,999", 122 Reviews
325,4.4,"6,693 Ratings","₹37,999","₹34,999", 779 Reviews
326,4.3,"1,500 Ratings","₹54,999","₹36,999", 189 Reviews
327,4.2,"1,605 Ratings","₹22,999","₹16,457", 90 Reviews
328,4.4,159 Ratings,"₹39,999","₹30,969", 2 Reviews
329,4.3,"2,399 Ratings","₹21,999","₹15,444", 116 Reviews
330,4.4,"11,251 Ratings","₹27,999","₹24,999", 903 Reviews
331,4.2,"1,605 Ratings","₹24,999","₹18,998", 90 Reviews
332,4.3,805 Ratings,"₹59,999","₹39,999", 71 Reviews
333,4.3,"2,399 Ratings","₹21,999","₹15,538", 116 Reviews
334,4.3,"2,399 Ratings","₹21,999","₹15,999", 116 Reviews
335,4.5,"1,584 Ratings","₹44,999","₹39,999", 150 Reviews
336,4.6,"2,64,591 Ratings","₹69,900","₹64,900"," 9,414 Reviews"
337,,,"₹16,999","₹16,839",
338,4.6,"46,334 Ratings","₹79,900","₹69,999"," 2,580 Reviews"
339,4.6,"46,334 Ratings","₹79,900","₹69,999"," 2,580 Reviews"
340,4.6,"2,64,591 Ratings","₹69,900","₹64,900"," 9,414 Reviews"
341,4.6,"2,64,591 Ratings","₹69,900","₹64,900"," 9,414 Reviews"
342,4.6,"2,64,591 Ratings","₹69,900","₹64,900"," 9,414 Reviews"
343,4.6,"2,64,591 Ratings","₹99,900","₹94,900"," 9,414 Reviews"
344,5,7 Ratings,"₹19,999","₹16,991", 1 Reviews
345,,,"₹16,999","₹15,999",
346,4.6,"2,64,591 Ratings","₹79,900","₹74,900"," 9,414 Reviews"
347,4.6,"46,334 Ratings","₹1,09,900","₹1,02,999"," 2,580 Reviews"
348,4.6,"46,334 Ratings","₹1,09,900","₹1,02,999"," 2,580 Reviews"
349,4.2,"44,780 Ratings","₹17,999","₹12,499"," 2,276 Reviews"
350,4,19 Ratings,"₹19,999","₹12,622", 0 Reviews
351,4.2,"44,780 Ratings","₹17,999","₹12,499"," 2,276 Reviews"
352,4,455 Ratings,"₹7,665","₹6,990", 22 Reviews
353,4.3,"2,033 Ratings","₹19,999","₹15,544", 96 Reviews
354,4.2,"11,404 Ratings","₹19,999","₹13,999", 640 Reviews
355,4.2,"11,404 Ratings","₹19,999","₹13,999", 640 Reviews
356,4,190 Ratings,"₹6,699","₹6,397", 11 Reviews
357,4.3,"2,033 Ratings","₹19,999","₹16,987", 96 Reviews
358,4.6,"2,237 Ratings","₹80,999","₹74,999", 278 Reviews
359,4.3,"4,174 Ratings","₹21,999","₹16,990", 241 Reviews
360,4.6,"19,106 Ratings","₹89,900","₹84,900", 793 Reviews
361,4.6,"19,106 Ratings","₹79,900","₹74,900", 793 Reviews
362,4.6,"19,106 Ratings","₹89,900","₹84,900", 793 Reviews
363,4.6,"19,106 Ratings","₹1,09,900","₹1,04,900", 793 Reviews
364,4.6,"19,106 Ratings","₹1,09,900","₹1,04,900", 793 Reviews
365,4.6,61 Ratings,"₹1,50,000","₹1,25,000", 4 Reviews
366,,,"₹5,999","₹4,400",
367,4.6,25 Ratings,"₹1,59,999","₹1,49,999", 3 Reviews
368,,,"₹5,999","₹4,400",
369,4.2,"84,327 Ratings","₹21,999","₹16,999"," 7,308 Reviews"
370,4.2,"84,327 Ratings","₹21,999","₹16,999"," 7,308 Reviews"
371,4.2,"2,674 Ratings","₹18,999","₹14,499", 173 Reviews
372,4.6,"3,504 Ratings","₹99,900","₹94,900", 189 Reviews
373,4.5,"1,556 Ratings","₹59,900","₹54,900", 106 Reviews
374,4.6,"3,504 Ratings","₹99,900","₹94,900", 189 Reviews
375,4.6,"19,106 Ratings","₹79,900","₹74,900", 793 Reviews
376,4.1,"3,493 Ratings","₹15,999","₹11,499", 216 Reviews
377,4.1,497 Ratings,"₹7,199","₹5,999", 25 Reviews
378,4.1,"3,797 Ratings",,"₹6,500", 396 Reviews
379,4.6,"19,106 Ratings","₹79,900","₹74,900", 793 Reviews
380,4.6,"19,106 Ratings","₹79,900","₹74,900", 793 Reviews
381,4.6,"3,504 Ratings","₹1,19,900","₹1,14,900", 189 Reviews
382,4.6,"3,504 Ratings","₹1,19,900","₹1,14,900", 189 Reviews
383,4.6,"3,504 Ratings","₹1,19,900","₹1,14,900", 189 Reviews
384,4.2,16 Ratings,"₹21,999","₹18,999", 1 Reviews
385,,,,"₹1,89,900",
386,,,,"₹2,29,900",
387,,,,"₹2,29,900",
388,4.5,"8,595 Ratings",,"₹27,990", 763 Reviews
389,,,,"₹1,89,900",
390,4.2,"2,607 Ratings","₹9,999","₹7,499", 145 Reviews
391,4.1,"50,281 Ratings","₹16,999","₹7,499"," 8,226 Reviews"
392,,,"₹16,499","₹14,499",
393,,,"₹16,499","₹14,499",
394,4.2,"3,104 Ratings","₹7,299","₹6,540", 113 Reviews
395,,,"₹17,999","₹15,999",
396,4.2,16 Ratings,"₹21,999","₹18,999", 1 Reviews
397,3.9,"13,788 Ratings",,"₹3,939"," 1,591 Reviews"
398,,,,"₹1,34,900",
399,4,22 Ratings,"₹26,499","₹23,499", 1 Reviews
400,,,,"₹1,49,900",
401,3.3,230 Ratings,,"₹9,999", 20 Reviews
402,4.5,"16,326 Ratings","₹12,999","₹8,499", 384 Reviews
403,,,,"₹1,02,900",
404,4,690 Ratings,"₹6,499","₹6,344", 51 Reviews
405,4.2,351 Ratings,"₹10,999","₹7,499", 19 Reviews
406,4.3,871 Ratings,,"₹12,999", 75 Reviews
407,,,,"₹1,54,900",
408,4,"6,332 Ratings",,"₹8,499", 788 Reviews
409,4,"1,485 Ratings",,"₹8,499", 124 Reviews
410,4.5,"4,68,338 Ratings",,"₹9,990"," 48,572 Reviews"
411,4.1,762 Ratings,"₹13,999","₹9,159", 28 Reviews
412,,,₹799,₹200,
413,4.1,762 Ratings,"₹13,999","₹9,676", 28 Reviews
414,,,₹799,₹199,
415,3.9,381 Ratings,"₹1,399","₹1,395", 16 Reviews
416,4.1,"1,681 Ratings","₹13,999","₹11,999", 62 Reviews
417,4.2,861 Ratings,"₹11,999","₹9,499", 29 Reviews
418,4.3,"1,75,681 Ratings",,"₹13,199"," 21,801 Reviews"
419,4.3,"67,218 Ratings","₹7,999","₹6,499"," 4,219 Reviews"
420,4.1,"1,681 Ratings","₹12,999","₹10,580", 62 Reviews
421,4.3,"1,752 Ratings","₹15,999","₹9,499", 78 Reviews
422,4.3,"2,11,905 Ratings",,"₹17,600"," 26,024 Reviews"
423,4.2,861 Ratings,"₹11,999","₹8,999", 29 Reviews
424,4.3,"52,073 Ratings","₹13,999","₹10,999"," 5,345 Reviews"
425,4.3,"1,752 Ratings","₹15,999","₹9,499", 78 Reviews
426,4.3,"2,11,905 Ratings","₹20,499","₹17,199"," 26,024 Reviews"
427,4.3,"67,218 Ratings","₹7,999","₹6,499"," 4,219 Reviews"
428,4.3,"8,975 Ratings",,"₹28,831"," 1,393 Reviews"
429,4.2,"12,865 Ratings","₹7,999","₹5,999", 950 Reviews
430,4.1,"14,155 Ratings","₹9,999","₹6,999", 707 Reviews
431,3.9,"29,781 Ratings","₹8,999","₹5,799"," 1,400 Reviews"
432,3.2,112 Ratings,"₹7,999","₹5,899", 4 Reviews
433,4.4,"13,487 Ratings",,"₹34,990"," 1,321 Reviews"
434,4.4,"13,487 Ratings",,"₹34,990"," 1,321 Reviews"
435,3.8,21 Ratings,"₹8,399","₹7,950", 3 Reviews
436,4.3,"2,011 Ratings","₹11,999","₹7,999", 68 Reviews
437,3.4,55 Ratings,,"₹6,999", 8 Reviews
438,3.4,55 Ratings,,"₹6,999", 8 Reviews
439,4.2,153 Ratings,"₹16,499","₹12,999", 5 Reviews
440,4.2,153 Ratings,"₹16,499","₹12,999", 5 Reviews
441,4.3,"2,11,905 Ratings",,"₹17,600"," 26,024 Reviews"
442,4.3,"2,11,905 Ratings","₹20,499","₹17,199"," 26,024 Reviews"
443,4.5,"8,595 Ratings",,"₹27,990", 763 Reviews
444,4.2,"12,865 Ratings","₹7,999","₹5,999", 950 Reviews
445,4.1,"14,155 Ratings","₹9,999","₹6,999", 707 Reviews
446,3.9,"29,781 Ratings","₹8,999","₹5,799"," 1,400 Reviews"
447,4.2,"12,865 Ratings","₹7,999","₹5,999", 950 Reviews
448,3.9,927 Ratings,"₹9,999","₹6,999", 73 Reviews
449,3.9,927 Ratings,"₹9,999","₹6,999", 73 Reviews
450,4.2,"12,865 Ratings","₹7,999","₹5,999", 950 Reviews
451,3.9,927 Ratings,"₹9,999","₹6,999", 73 Reviews
452,3.9,"29,781 Ratings","₹8,999","₹5,799"," 1,400 Reviews"
453,4.1,"11,243 Ratings","₹9,999","₹5,999", 482 Reviews
454,4.2,"2,607 Ratings","₹9,999","₹7,499", 145 Reviews
455,4.2,"12,865 Ratings","₹7,999","₹5,999", 950 Reviews
456,4.2,"1,109 Ratings","₹10,999","₹9,990", 51 Reviews
457,4.1,852 Ratings,"₹24,999","₹15,399", 95 Reviews
458,4.2,"1,109 Ratings","₹12,999","₹8,999", 51 Reviews
459,4.2,"1,109 Ratings","₹13,999","₹9,999", 51 Reviews
460,4.2,"1,109 Ratings","₹12,999","₹8,999", 51 Reviews
461,4.2,633 Ratings,"₹17,999","₹11,993", 39 Reviews
462,4,134 Ratings,"₹24,999","₹15,999", 11 Reviews
463,4.1,852 Ratings,"₹25,999","₹16,499", 95 Reviews
464,4.2,"5,428 Ratings","₹24,999","₹17,999", 611 Reviews
465,4.2,633 Ratings,"₹17,999","₹12,999", 39 Reviews
466,4.1,"9,330 Ratings","₹19,999","₹15,999", 753 Reviews
467,4.2,633 Ratings,"₹17,999","₹14,999", 39 Reviews
468,4.2,"5,428 Ratings","₹24,999","₹17,999", 611 Reviews
469,4.2,"5,428 Ratings","₹24,999","₹17,999", 611 Reviews
470,4.1,"9,330 Ratings","₹19,999","₹15,321", 753 Reviews
471,4.1,"9,330 Ratings","₹19,999","₹15,321", 753 Reviews
472,4.1,"9,782 Ratings","₹34,999","₹19,398"," 1,376 Reviews"
473,4.2,"1,109 Ratings","₹13,999","₹9,999", 51 Reviews
474,4,134 Ratings,"₹24,999","₹17,999", 11 Reviews
475,4,"20,839 Ratings","₹24,999","₹15,999"," 2,711 Reviews"
476,4.1,"9,782 Ratings","₹34,999","₹16,990"," 1,376 Reviews"
477,4.1,852 Ratings,"₹24,999","₹15,399", 95 Reviews
478,4.1,"9,782 Ratings","₹34,999","₹16,990"," 1,376 Reviews"
479,4,"20,839 Ratings","₹24,999","₹15,999"," 2,711 Reviews"
480,4.3,"15,416 Ratings","₹19,490","₹15,490"," 1,085 Reviews"
481,4.4,323 Ratings,"₹1,00,999","₹63,999", 29 Reviews
482,4.3,"15,416 Ratings",,"₹17,990"," 1,085 Reviews"
483,4.3,"9,104 Ratings","₹32,999","₹17,345", 804 Reviews
484,4.4,"2,33,143 Ratings",,"₹20,999"," 11,734 Reviews"
485,4.3,"4,830 Ratings",,"₹19,999", 358 Reviews
486,4.4,"2,33,143 Ratings",,"₹20,999"," 11,734 Reviews"
487,4.5,"10,671 Ratings","₹23,499","₹19,499", 531 Reviews
488,4.4,"2,33,143 Ratings",,"₹20,999"," 11,734 Reviews"
489,4.5,"54,374 Ratings",,"₹25,999"," 3,007 Reviews"
490,4.3,"3,653 Ratings",,"₹31,999", 261 Reviews
491,4.5,"10,671 Ratings","₹24,999","₹21,499", 531 Reviews
492,4.4,"10,762 Ratings",,"₹20,999", 579 Reviews
493,4.4,"2,33,143 Ratings",,"₹20,999"," 11,734 Reviews"
494,4.5,"10,671 Ratings","₹23,499","₹19,499", 531 Reviews
495,4.5,"50,575 Ratings","₹27,999","₹23,999"," 2,408 Reviews"
496,4.4,273 Ratings,"₹34,999","₹31,080", 22 Reviews
497,3.3,12 Ratings,"₹8,999","₹6,470", 0 Reviews
498,4.4,"81,154 Ratings",,"₹22,999"," 4,527 Reviews"
499,4.4,"10,762 Ratings",,"₹22,999", 579 Reviews
500,4.3,"4,830 Ratings",,"₹19,999", 358 Reviews
501,4.4,"10,762 Ratings",,"₹22,999", 579 Reviews
502,4.5,"34,207 Ratings","₹27,999","₹24,999"," 2,750 Reviews"
503,4.5,"34,207 Ratings","₹27,999","₹24,999"," 2,750 Reviews"
504,4.4,"21,056 Ratings","₹68,499","₹51,328"," 1,675 Reviews"
505,4.3,"2,285 Ratings","₹18,819","₹9,499", 135 Reviews
506,4.3,"2,285 Ratings","₹18,999","₹9,498", 135 Reviews
507,4.2,"9,929 Ratings",,"₹1,849", 822 Reviews
508,4.2,651 Ratings,"₹20,499","₹12,999", 39 Reviews
509,4.3,"68,422 Ratings","₹16,999","₹10,499"," 6,005 Reviews"
510,4.2,"2,596 Ratings","₹22,499","₹19,999", 231 Reviews
511,4.1,405 Ratings,,"₹23,999", 43 Reviews
512,4.2,475 Ratings,"₹23,999","₹17,299", 42 Reviews
513,4.3,"1,968 Ratings","₹19,990","₹15,499", 109 Reviews
514,4.4,"21,056 Ratings","₹85,999","₹52,999"," 1,675 Reviews"
515,4.5,429 Ratings,,"₹1,31,999", 37 Reviews
516,4.2,"74,699 Ratings",,"₹12,499"," 5,178 Reviews"
517,4.3,"9,104 Ratings","₹32,999","₹17,345", 804 Reviews
518,4,184 Ratings,"₹22,999","₹15,415", 9 Reviews
519,4.4,"14,853 Ratings","₹13,999","₹9,999", 472 Reviews
520,4.3,"2,12,390 Ratings",,"₹14,999"," 10,811 Reviews"
521,4.4,"17,423 Ratings","₹14,999","₹10,999", 543 Reviews
522,4.2,471 Ratings,"₹13,999","₹10,248", 22 Reviews
523,4.5,"17,700 Ratings","₹16,999","₹12,999"," 2,484 Reviews"
524,4.2,471 Ratings,"₹13,999","₹10,248", 22 Reviews
525,4.2,"67,519 Ratings","₹15,999","₹9,999"," 3,934 Reviews"
526,4.4,"2,33,143 Ratings",,"₹20,999"," 11,734 Reviews"
527,4.3,602 Ratings,"₹16,999","₹13,499", 29 Reviews
528,4.6,"79,739 Ratings","₹89,999","₹44,999"," 5,411 Reviews"
529,4.6,"79,739 Ratings","₹89,999","₹44,999"," 5,411 Reviews"
530,4.6,"79,739 Ratings","₹95,999","₹49,999"," 5,411 Reviews"
531,4.6,"79,739 Ratings","₹95,999","₹49,999"," 5,411 Reviews"
532,4.6,"79,739 Ratings","₹89,999","₹44,999"," 5,411 Reviews"
533,4.6,"79,739 Ratings","₹95,999","₹49,999"," 5,411 Reviews"
534,4.6,"79,739 Ratings","₹95,999","₹49,999"," 5,411 Reviews"
535,4.5,"34,465 Ratings","₹24,999","₹19,999"," 2,206 Reviews"
536,4,"1,143 Ratings","₹10,999","₹7,980", 52 Reviews
537,4.2,971 Ratings,"₹9,500","₹7,290", 40 Reviews
538,4,"1,143 Ratings","₹10,999","₹7,990", 52 Reviews
539,4.2,971 Ratings,"₹9,499","₹7,999", 40 Reviews
540,4.1,99 Ratings,"₹10,999","₹8,399", 2 Reviews
541,4,57 Ratings,"₹9,999","₹8,499", 8 Reviews
542,4.2,"49,401 Ratings","₹22,999","₹13,499"," 3,572 Reviews"
543,4.5,274 Ratings,"₹1,28,999","₹94,999", 40 Reviews
544,4.6,"79,739 Ratings","₹89,999","₹49,990"," 5,411 Reviews"
545,4.4,"73,607 Ratings","₹84,999","₹44,990"," 4,431 Reviews"
546,4.1,"3,122 Ratings","₹28,990","₹21,999", 192 Reviews
547,4.4,"73,607 Ratings","₹79,999","₹37,990"," 4,431 Reviews"
548,4.4,"73,607 Ratings","₹79,999","₹34,999"," 4,431 Reviews"
549,4.4,"73,607 Ratings","₹84,999","₹44,990"," 4,431 Reviews"
550,4.4,"73,607 Ratings","₹84,999","₹44,990"," 4,431 Reviews"
551,4.4,"73,607 Ratings","₹84,999","₹44,990"," 4,431 Reviews"
552,4.3,"1,200 Ratings","₹13,999","₹10,499", 69 Reviews
553,4.5,"11,782 Ratings","₹99,999","₹59,999", 874 Reviews
554,4.5,"15,812 Ratings","₹65,999","₹45,999"," 1,194 Reviews"
555,4.6,"5,300 Ratings","₹1,34,999","₹84,990", 433 Reviews
556,4.6,"7,956 Ratings","₹74,999","₹64,999", 434 Reviews
557,4.5,"15,812 Ratings","₹59,999","₹39,999"," 1,194 Reviews"
558,4.5,"15,812 Ratings","₹65,999","₹45,999"," 1,194 Reviews"
559,4.5,"15,812 Ratings","₹59,999","₹39,999"," 1,194 Reviews"
560,4.6,"5,300 Ratings","₹1,34,999","₹81,899", 433 Reviews
561,4.5,"11,782 Ratings","₹99,999","₹59,999", 874 Reviews
562,4.5,"15,812 Ratings","₹59,999","₹39,999"," 1,194 Reviews"
563,4.5,"15,812 Ratings","₹65,999","₹45,999"," 1,194 Reviews"
564,4.2,"74,699 Ratings",,"₹12,499"," 5,178 Reviews"
565,4.3,"9,104 Ratings","₹32,999","₹17,345", 804 Reviews
566,4,184 Ratings,"₹22,999","₹15,415", 9 Reviews
567,4.4,"14,853 Ratings","₹13,999","₹9,999", 472 Reviews
568,4.3,"2,12,390 Ratings",,"₹14,999"," 10,811 Reviews"
569,4.4,"17,423 Ratings","₹14,999","₹10,999", 543 Reviews
570,4.2,471 Ratings,"₹13,999","₹10,248", 22 Reviews
571,4.5,"17,700 Ratings","₹16,999","₹12,999"," 2,484 Reviews"
572,4.2,471 Ratings,"₹13,999","₹10,248", 22 Reviews
573,4.2,"67,519 Ratings","₹15,999","₹9,999"," 3,934 Reviews"
574,4.4,"2,33,143 Ratings",,"₹20,999"," 11,734 Reviews"
575,4.3,602 Ratings,"₹16,999","₹13,499", 29 Reviews
576,4.6,"2,237 Ratings","₹80,999","₹74,999", 278 Reviews
577,4.2,372 Ratings,"₹31,499","₹21,768", 18 Reviews
578,4.2,372 Ratings,"₹31,499","₹29,999", 18 Reviews
579,,,"₹80,999","₹74,040",
580,4.6,"2,237 Ratings","₹80,999","₹74,999", 278 Reviews
581,4.6,"2,237 Ratings","₹92,999","₹86,999", 278 Reviews
582,4.6,"2,237 Ratings","₹92,999","₹86,999", 278 Reviews
583,4.8,35 Ratings,,"₹1,11,999", 3 Reviews
584,4.6,"2,237 Ratings","₹92,999","₹86,999", 278 Reviews
585,,,"₹1,09,999","₹1,05,040",
586,4.5,"50,575 Ratings","₹27,999","₹23,999"," 2,408 Reviews"
587,4.5,"10,671 Ratings","₹24,999","₹21,499", 531 Reviews
588,4.3,570 Ratings,"₹24,999","₹20,889", 36 Reviews
589,4.3,"2,007 Ratings","₹20,499","₹16,699", 102 Reviews
590,4.2,"87,111 Ratings",,"₹19,999"," 5,510 Reviews"
591,4.3,"2,007 Ratings","₹20,499","₹16,988", 102 Reviews
592,4.5,976 Ratings,"₹26,999","₹23,499", 53 Reviews
593,4.3,570 Ratings,"₹24,999","₹20,784", 36 Reviews
594,4.4,"2,487 Ratings","₹31,999","₹27,999", 225 Reviews
595,4.4,"87,519 Ratings","₹20,999","₹16,999"," 4,526 Reviews"
596,4.4,30 Ratings,"₹26,999","₹23,473", 3 Reviews
597,4.5,"50,575 Ratings","₹27,999","₹23,999"," 2,408 Reviews"
598,4.3,"16,416 Ratings","₹27,999","₹18,999"," 1,362 Reviews"
599,4.4,"5,095 Ratings","₹33,999","₹25,999", 607 Reviews
600,4.3,"3,653 Ratings",,"₹31,999", 261 Reviews
601,4.5,"10,671 Ratings","₹24,999","₹21,499", 531 Reviews
602,4.3,58 Ratings,"₹26,999","₹20,999", 4 Reviews
603,4.5,"10,671 Ratings","₹24,999","₹21,499", 531 Reviews
604,4.5,976 Ratings,"₹26,999","₹23,499", 53 Reviews
605,4.5,976 Ratings,"₹26,999","₹23,499", 53 Reviews
606,4.4,890 Ratings,"₹23,999","₹21,499", 123 Reviews
607,4.3,"3,653 Ratings",,"₹31,999", 261 Reviews
608,4.4,30 Ratings,"₹26,999","₹23,473", 3 Reviews
609,4.6,"2,237 Ratings","₹80,999","₹74,999", 278 Reviews
610,4.4,890 Ratings,"₹23,999","₹21,499", 123 Reviews
611,4.6,36 Ratings,"₹26,999","₹20,999", 2 Reviews
612,4.6,"2,237 Ratings","₹80,999","₹74,999", 278 Reviews
613,3.9,203 Ratings,"₹30,999","₹25,999", 28 Reviews
614,4.1,"1,503 Ratings",,"₹12,300", 135 Reviews
615,4.3,"20,281 Ratings","₹25,999","₹21,999"," 1,806 Reviews"
616,3.9,203 Ratings,"₹27,999","₹22,999", 28 Reviews
617,4.3,184 Ratings,"₹39,999","₹26,999", 18 Reviews
618,4.2,"22,636 Ratings","₹31,999","₹18,990"," 1,875 Reviews"
619,4.6,12 Ratings,"₹26,999","₹20,999", 1 Reviews
620,4.4,890 Ratings,"₹23,999","₹21,499", 123 Reviews
621,,,,"₹15,499",
622,4.1,"1,503 Ratings",,"₹12,399", 135 Reviews
623,4.3,"13,533 Ratings","₹29,999","₹22,999"," 1,815 Reviews"
624,4.3,21 Ratings,,"₹6,399", 10 Reviews
625,4.3,21 Ratings,,"₹6,399", 10 Reviews
626,4.4,"12,036 Ratings","₹34,999","₹21,390", 474 Reviews
627,,,₹599,₹158,
628,3.5,13 Ratings,,"₹7,499", 5 Reviews
629,4.3,"1,876 Ratings","₹28,999","₹20,900", 98 Reviews
630,4.4,"28,239 Ratings","₹36,999","₹30,299"," 2,920 Reviews"
631,4.2,"2,804 Ratings","₹18,999","₹10,999", 122 Reviews
632,4.2,"2,804 Ratings","₹18,999","₹13,999", 122 Reviews
633,4.4,"8,151 Ratings","₹41,714","₹30,999"," 1,030 Reviews"
634,4.3,"1,876 Ratings","₹26,999","₹19,999", 98 Reviews
635,4.4,"3,679 Ratings","₹40,999","₹36,999", 369 Reviews
636,4.3,"1,876 Ratings","₹26,999","₹19,999", 98 Reviews
637,4.2,"2,804 Ratings","₹18,999","₹12,399", 122 Reviews
638,4.4,"8,151 Ratings","₹44,784","₹31,999"," 1,030 Reviews"
639,4.3,"1,876 Ratings","₹28,999","₹25,958", 98 Reviews
640,4.3,"1,876 Ratings","₹27,999","₹21,999", 98 Reviews
641,4.4,"1,475 Ratings","₹45,990","₹34,999", 160 Reviews
642,4.4,"3,679 Ratings","₹40,999","₹36,989", 369 Reviews
643,4.4,"28,239 Ratings","₹36,999","₹32,999"," 2,920 Reviews"
644,4,"14,880 Ratings","₹1,499",₹889, 832 Reviews
645,4,"14,880 Ratings","₹1,599",₹910, 832 Reviews
646,,,₹399,₹195,
647,,,₹499,₹225,
648,4.3,651 Ratings,"₹17,999","₹14,999", 16 Reviews
649,4.3,"1,894 Ratings",,"₹36,990", 284 Reviews
650,4.4,889 Ratings,"₹19,999","₹12,850", 38 Reviews
651,4,"4,926 Ratings","₹1,499","₹1,199", 364 Reviews
652,3.7,24 Ratings,"₹1,999","₹1,250", 2 Reviews
653,4.3,320 Ratings,,"₹21,999", 19 Reviews
654,4.4,"1,081 Ratings","₹19,999","₹13,698", 49 Reviews
655,4.3,588 Ratings,"₹17,999","₹12,999", 19 Reviews
656,4.2,"1,368 Ratings","₹14,999","₹10,499", 39 Reviews
657,4.4,889 Ratings,"₹19,999","₹13,499", 38 Reviews
658,4.3,651 Ratings,"₹17,999","₹12,880", 16 Reviews
659,4.4,"1,081 Ratings","₹19,999","₹13,680", 49 Reviews
660,4.6,"3,702 Ratings",,"₹32,999", 288 Reviews
661,4.2,"1,368 Ratings","₹15,999","₹11,400", 39 Reviews
662,4.2,"1,368 Ratings","₹14,999","₹14,890", 39 Reviews
663,4.3,588 Ratings,"₹17,999","₹12,999", 19 Reviews
664,4.2,"1,368 Ratings","₹15,999","₹11,499", 39 Reviews
665,4.2,"1,368 Ratings","₹14,999","₹11,499", 39 Reviews
666,4.6,"3,702 Ratings","₹32,999","₹32,699", 288 Reviews
667,4.3,404 Ratings,"₹21,999","₹15,999", 18 Reviews
668,4.2,"1,368 Ratings","₹15,999","₹11,499", 39 Reviews
669,4,149 Ratings,"₹12,999","₹10,449", 5 Reviews
670,4.4,"1,081 Ratings","₹19,999","₹13,610", 49 Reviews
671,4.2,"1,368 Ratings","₹15,999","₹11,499", 39 Reviews
672,4.4,"2,33,143 Ratings",,"₹20,999"," 11,734 Reviews"
673,4.3,"2,12,390 Ratings",,"₹14,999"," 10,811 Reviews"
674,4.4,"2,840 Ratings","₹19,999","₹15,999", 213 Reviews
675,4.3,"16,416 Ratings","₹24,999","₹16,999"," 1,362 Reviews"
676,4.1,612 Ratings,"₹16,999","₹13,999", 53 Reviews
677,4.4,"2,840 Ratings","₹19,999","₹15,999", 213 Reviews
678,4.2,"6,078 Ratings",,"₹9,999", 666 Reviews
679,4.4,291 Ratings,"₹52,999","₹44,999", 24 Reviews
680,4.2,"18,897 Ratings","₹22,999","₹16,999"," 1,068 Reviews"
681,4.3,455 Ratings,"₹48,999","₹41,999", 35 Reviews
682,4.2,351 Ratings,"₹10,999","₹6,986", 19 Reviews
683,4.3,"4,323 Ratings","₹30,999","₹23,999", 317 Reviews
684,4.2,"18,897 Ratings","₹23,026","₹15,572"," 1,068 Reviews"
685,4.1,"6,107 Ratings","₹23,999","₹18,499", 442 Reviews
686,4.3,"85,812 Ratings","₹11,999","₹8,999"," 3,670 Reviews"
687,4.4,"2,064 Ratings","₹30,999","₹23,999", 115 Reviews
688,4.3,"4,323 Ratings","₹28,999","₹21,999", 317 Reviews
689,4.3,"4,323 Ratings","₹28,999","₹21,999", 317 Reviews
690,4.4,"2,064 Ratings","₹28,999","₹21,999", 115 Reviews
691,4.3,"33,747 Ratings","₹21,999","₹13,999"," 2,271 Reviews"
692,4.2,87 Ratings,,"₹6,999", 30 Reviews
693,4.2,"4,923 Ratings","₹32,999","₹21,999", 399 Reviews
694,4.3,"42,600 Ratings","₹19,999","₹15,999"," 3,059 Reviews"
695,4.2,"15,387 Ratings","₹21,999","₹17,999"," 1,093 Reviews"
696,4.6,36 Ratings,"₹26,999","₹20,999", 2 Reviews
697,4.3,"13,533 Ratings","₹29,999","₹22,999"," 1,815 Reviews"
698,4,121 Ratings,"₹27,999","₹16,999", 14 Reviews
699,4.3,58 Ratings,"₹26,999","₹20,999", 4 Reviews
700,4.3,13 Ratings,"₹24,999","₹19,499", 1 Reviews
701,4.3,40 Ratings,"₹24,999","₹19,499", 3 Reviews
702,4.1,234 Ratings,"₹32,999","₹23,999", 15 Reviews
703,4.4,918 Ratings,"₹34,999","₹26,999", 75 Reviews
704,4.1,234 Ratings,"₹32,999","₹23,999", 15 Reviews
705,4.4,96 Ratings,"₹24,999","₹19,499", 2 Reviews
706,4.4,"1,263 Ratings","₹31,999","₹24,999", 97 Reviews
707,4,"8,866 Ratings","₹34,999","₹21,990"," 1,102 Reviews"
708,4.6,12 Ratings,"₹26,999","₹20,999", 1 Reviews
709,4,121 Ratings,"₹27,999","₹24,990", 14 Reviews
710,3.9,95 Ratings,"₹12,499","₹9,999", 13 Reviews
711,4.4,"1,263 Ratings","₹31,999","₹24,999", 97 Reviews
712,4.4,"86,439 Ratings",,"₹17,999"," 7,309 Reviews"
713,4.3,"1,686 Ratings","₹69,999","₹34,999", 292 Reviews
714,4.3,"3,975 Ratings","₹27,999","₹23,999", 537 Reviews
715,3.7,239 Ratings,,"₹10,790", 26 Reviews
716,4.4,918 Ratings,"₹34,999","₹26,999", 75 Reviews
717,3.9,95 Ratings,"₹12,499","₹10,999", 13 Reviews
718,4.2,"5,703 Ratings","₹14,999","₹12,499", 486 Reviews
719,4,"8,866 Ratings","₹34,999","₹26,999"," 1,102 Reviews"
720,4.2,"43,273 Ratings","₹13,999","₹11,999"," 4,447 Reviews"
721,4.1,"19,172 Ratings","₹16,999","₹10,999"," 1,759 Reviews"
722,4.2,"43,273 Ratings","₹13,999","₹8,424"," 4,447 Reviews"
723,3.7,449 Ratings,,"₹6,999", 26 Reviews
724,4.3,"2,36,307 Ratings","₹11,999","₹9,499"," 13,971 Reviews"
725,4.4,"8,698 Ratings",,"₹20,490", 594 Reviews
726,4.4,"8,698 Ratings",,"₹20,490", 594 Reviews
727,4.3,"2,36,307 Ratings","₹11,999","₹9,499"," 13,971 Reviews"
728,4.1,"19,172 Ratings","₹16,999","₹10,999"," 1,759 Reviews"
729,4.1,"1,998 Ratings","₹13,000","₹9,999", 182 Reviews
730,4.4,"68,095 Ratings","₹11,999","₹8,999"," 3,014 Reviews"
731,4.3,"1,52,927 Ratings",,"₹10,999"," 9,108 Reviews"
732,4.4,"68,095 Ratings","₹11,999","₹8,999"," 3,014 Reviews"
733,4.3,"1,52,927 Ratings",,"₹10,999"," 9,108 Reviews"
734,3.4,"6,299 Ratings",₹999,₹599, 436 Reviews
735,3.9,444 Ratings,"₹1,299","₹1,200", 22 Reviews
736,3.9,444 Ratings,"₹1,599","₹1,261", 22 Reviews
737,4.2,"1,630 Ratings","₹37,999","₹25,999", 199 Reviews
738,3.9,337 Ratings,,"₹6,249", 28 Reviews
739,3.7,157 Ratings,,"₹5,499", 18 Reviews
740,4,306 Ratings,,"₹4,799", 22 Reviews
741,3.9,"3,042 Ratings",,"₹9,500", 388 Reviews
742,4,306 Ratings,,"₹4,799", 22 Reviews
743,4,454 Ratings,,"₹5,990", 36 Reviews
744,4.2,"74,129 Ratings","₹8,999","₹5,299"," 3,400 Reviews"
745,4.1,"4,890 Ratings","₹10,499","₹8,999", 332 Reviews
746,4.1,497 Ratings,"₹7,199","₹5,999", 25 Reviews
747,4.2,"1,446 Ratings","₹12,999","₹8,368", 61 Reviews
748,4.1,"4,890 Ratings","₹10,499","₹7,490", 332 Reviews
749,4.3,"1,08,831 Ratings","₹8,999","₹7,499"," 8,073 Reviews"
750,4.3,"1,08,831 Ratings","₹8,999","₹7,499"," 8,073 Reviews"
751,4.3,"1,08,831 Ratings","₹8,999","₹7,499"," 8,073 Reviews"
752,4.1,"5,082 Ratings",,"₹14,999", 796 Reviews
753,4.3,"67,218 Ratings","₹7,999","₹6,499"," 4,219 Reviews"
754,4.3,"4,02,205 Ratings","₹9,999","₹7,499"," 26,189 Reviews"
755,4.3,"4,02,205 Ratings","₹9,999","₹7,499"," 26,189 Reviews"
756,4.3,"40,516 Ratings","₹8,999","₹6,999"," 2,143 Reviews"
757,4.3,"1,52,927 Ratings",,"₹10,999"," 9,108 Reviews"
758,4.4,"44,975 Ratings",,"₹10,990"," 3,145 Reviews"
759,4.3,"4,02,205 Ratings","₹9,999","₹7,499"," 26,189 Reviews"
760,4.2,"1,13,409 Ratings","₹8,499","₹7,800"," 5,722 Reviews"
761,4.3,"1,52,927 Ratings",,"₹10,999"," 9,108 Reviews"
762,4.3,"67,218 Ratings","₹7,999","₹6,499"," 4,219 Reviews"
763,4.3,"67,218 Ratings","₹7,999","₹6,499"," 4,219 Reviews"
764,4.2,"1,843 Ratings","₹12,999","₹7,999", 97 Reviews
765,4.4,"44,975 Ratings",,"₹10,990"," 3,145 Reviews"
766,3.5,693 Ratings,"₹12,439","₹8,999", 73 Reviews
767,4.4,"7,274 Ratings","₹9,999","₹6,999", 247 Reviews
768,4,190 Ratings,,, 11 Reviews
769,4.1,"3,338 Ratings","₹8,990","₹6,554", 133 Reviews
770,4.3,"1,542 Ratings","₹8,599","₹6,899", 76 Reviews
771,4.1,"3,338 Ratings","₹9,999","₹6,889", 133 Reviews
772,3.3,30 Ratings,"₹4,999","₹2,899", 3 Reviews
773,3.1,29 Ratings,"₹4,999","₹2,999", 1 Reviews
774,3.5,17 Ratings,"₹4,999","₹3,032", 1 Reviews
775,3.3,132 Ratings,,, 13 Reviews
776,3.9,113 Ratings,"₹12,415","₹7,999", 10 Reviews
777,3.6,77 Ratings,"₹10,999","₹7,999", 0 Reviews
778,4.1,"3,338 Ratings","₹9,999","₹6,998", 133 Reviews
779,4.1,"1,503 Ratings",,"₹12,399", 135 Reviews
780,4.3,"46,318 Ratings","₹7,999","₹6,699"," 2,821 Reviews"
781,4.1,"3,338 Ratings","₹9,999","₹6,988", 133 Reviews
782,3,13 Ratings,"₹6,999","₹4,499", 3 Reviews
783,4.2,47 Ratings,"₹9,199","₹7,499", 4 Reviews
784,4.3,"6,537 Ratings","₹9,999","₹9,699", 503 Reviews
785,3.9,"8,254 Ratings",,"₹10,299"," 1,263 Reviews"
786,4.1,"1,503 Ratings",,"₹12,300", 135 Reviews
787,4.1,"1,503 Ratings",,"₹12,399", 135 Reviews
788,4.2,47 Ratings,"₹9,199","₹7,799", 4 Reviews
789,3.9,"8,254 Ratings",,"₹10,299"," 1,263 Reviews"
790,4.1,"3,338 Ratings","₹8,990","₹6,508", 133 Reviews
791,3.8,"1,495 Ratings","₹16,799","₹6,599", 353 Reviews
792,4.1,"1,181 Ratings",,"₹1,899", 116 Reviews
793,4.2,"1,47,416 Ratings","₹14,999","₹11,999"," 10,024 Reviews"
794,4.2,"16,254 Ratings","₹25,999","₹19,999"," 1,181 Reviews"
795,4.4,106 Ratings,"₹32,999","₹19,999", 8 Reviews
796,4.2,"47,464 Ratings","₹24,499","₹19,999"," 3,535 Reviews"
797,4.2,"50,324 Ratings","₹13,999","₹10,999"," 3,617 Reviews"
798,4.2,"16,254 Ratings","₹25,999","₹21,999"," 1,181 Reviews"
799,4.2,"16,254 Ratings","₹25,999","₹14,899"," 1,181 Reviews"
800,4.2,"1,47,416 Ratings","₹14,999","₹11,999"," 10,024 Reviews"
801,4.2,"47,464 Ratings","₹24,499","₹19,999"," 3,535 Reviews"
802,4.4,106 Ratings,"₹32,999","₹20,799", 8 Reviews
803,4.2,"50,324 Ratings","₹13,999","₹10,999"," 3,617 Reviews"
804,4.2,"50,324 Ratings","₹13,999","₹10,999"," 3,617 Reviews"
805,4.2,"47,464 Ratings","₹24,499","₹19,999"," 3,535 Reviews"
806,4.4,106 Ratings,"₹32,999","₹20,799", 8 Reviews
807,4.2,"1,47,416 Ratings","₹14,999","₹11,999"," 10,024 Reviews"
808,,,"₹5,999","₹4,400",
809,2.8,31 Ratings,,"₹4,299", 6 Reviews
810,4.2,87 Ratings,,"₹6,999", 30 Reviews
811,4.5,"2,045 Ratings","₹40,999","₹37,999", 217 Reviews
812,4,598 Ratings,,, 74 Reviews
813,3.6,72 Ratings,,"₹6,199", 19 Reviews
814,3.6,231 Ratings,"₹1,199",₹729, 12 Reviews
815,3.3,12 Ratings,"₹1,599",₹900, 0 Reviews
816,4.4,"1,99,832 Ratings","₹13,999","₹6,999"," 10,444 Reviews"
817,4.4,"1,99,832 Ratings","₹14,999","₹10,499"," 10,444 Reviews"
818,4.4,"1,99,832 Ratings","₹13,997","₹7,799"," 10,444 Reviews"
819,4.3,"18,102 Ratings","₹15,999","₹11,999", 997 Reviews
820,4.2,"74,699 Ratings",,"₹12,499"," 5,178 Reviews"
821,4.2,"74,699 Ratings",,"₹12,499"," 5,178 Reviews"
822,4.2,"74,699 Ratings",,"₹12,499"," 5,178 Reviews"
823,4.3,"26,912 Ratings","₹33,999","₹21,999"," 1,707 Reviews"
824,4.3,"26,912 Ratings","₹36,999","₹23,999"," 1,707 Reviews"
825,3.6,209 Ratings,"₹4,199","₹3,700", 72 Reviews
826,4.3,"26,912 Ratings","₹33,999","₹21,999"," 1,707 Reviews"
827,4.3,"26,912 Ratings","₹36,999","₹23,999"," 1,707 Reviews"
828,4.3,"26,912 Ratings","₹36,999","₹23,999"," 1,707 Reviews"
829,4.3,"26,912 Ratings","₹33,999","₹21,999"," 1,707 Reviews"
830,4.5,"22,753 Ratings","₹37,999","₹29,999"," 1,843 Reviews"
831,4.4,"1,99,832 Ratings","₹14,999","₹9,400"," 10,444 Reviews"
832,4.3,"18,102 Ratings","₹15,999","₹10,799", 997 Reviews
833,4.4,"4,558 Ratings","₹22,999","₹13,980", 279 Reviews
834,4.4,"4,558 Ratings","₹22,999","₹14,516", 279 Reviews
835,4.3,42 Ratings,"₹41,999","₹27,980", 6 Reviews
836,,,"₹11,999","₹9,999",
837,,,"₹11,999","₹9,999",
838,4.4,"2,189 Ratings","₹42,999","₹37,999", 210 Reviews
839,4.4,918 Ratings,"₹34,999","₹26,999", 75 Reviews
840,4,184 Ratings,"₹22,999","₹15,415", 9 Reviews
841,4,184 Ratings,"₹22,999","₹15,324", 9 Reviews
842,4.1,762 Ratings,"₹24,499","₹18,999", 61 Reviews
843,4,184 Ratings,"₹22,999","₹15,846", 9 Reviews
844,4.1,762 Ratings,"₹24,499","₹18,999", 61 Reviews
845,4.3,"1,502 Ratings","₹22,999","₹17,499", 107 Reviews
846,4.3,"1,470 Ratings","₹21,999","₹13,690", 69 Reviews
847,4,53 Ratings,"₹8,299","₹6,771", 4 Reviews
848,4.3,"1,176 Ratings","₹38,999","₹33,999", 92 Reviews
849,4.1,762 Ratings,"₹24,499","₹18,999", 61 Reviews
850,4.3,"1,470 Ratings","₹21,999","₹14,999", 69 Reviews
851,4.3,"1,176 Ratings","₹35,999","₹30,999", 92 Reviews
852,3.3,22 Ratings,,"₹7,990", 6 Reviews
853,4.3,146 Ratings,"₹41,999","₹36,999", 11 Reviews
854,4.3,"1,176 Ratings","₹35,999","₹30,999", 92 Reviews
855,4.1,762 Ratings,,"₹27,499", 61 Reviews
856,4.3,"1,502 Ratings","₹22,999","₹17,499", 107 Reviews
857,4.3,146 Ratings,"₹41,999","₹36,999", 11 Reviews
858,4.3,"1,176 Ratings","₹38,999","₹33,999", 92 Reviews
859,4.1,762 Ratings,,"₹27,499", 61 Reviews
860,4.1,762 Ratings,,"₹27,499", 61 Reviews
861,4.3,"1,176 Ratings","₹38,999","₹33,999", 92 Reviews
862,4.1,260 Ratings,"₹8,899","₹6,290", 13 Reviews
863,4.3,"1,502 Ratings","₹22,999","₹17,499", 107 Reviews
864,4.3,"1,542 Ratings","₹8,599","₹6,899", 76 Reviews
865,4.2,47 Ratings,"₹9,199","₹7,799", 4 Reviews
866,4,"2,38,371 Ratings","₹9,999","₹8,499"," 12,366 Reviews"
867,4.3,"31,948 Ratings","₹25,999","₹17,349"," 3,177 Reviews"
868,4.1,"14,155 Ratings","₹9,999","₹6,999", 707 Reviews
869,4.1,"14,155 Ratings","₹9,999","₹6,999", 707 Reviews
870,4.2,"3,221 Ratings","₹8,999","₹6,499", 145 Reviews
871,4.2,"1,01,658 Ratings","₹10,999","₹7,699"," 4,749 Reviews"
872,4.2,"3,221 Ratings","₹8,999","₹6,499", 145 Reviews
873,4.3,"5,856 Ratings","₹8,999","₹7,299", 289 Reviews
874,4.2,"3,221 Ratings","₹8,999","₹6,499", 145 Reviews
875,3.8,"1,298 Ratings","₹1,999",₹999, 209 Reviews
876,4.2,"3,104 Ratings","₹7,299","₹6,540", 113 Reviews
877,3.6,798 Ratings,"₹6,499","₹4,369", 58 Reviews
878,4,"5,106 Ratings","₹4,399","₹3,778", 465 Reviews
879,4.1,111 Ratings,"₹11,999","₹8,699", 6 Reviews
880,4.3,"5,856 Ratings","₹8,999","₹7,299", 289 Reviews
881,4,859 Ratings,,"₹7,089", 260 Reviews
882,4.1,"8,878 Ratings","₹15,499","₹10,999", 607 Reviews
883,3.9,591 Ratings,,"₹5,299", 53 Reviews
884,3.8,283 Ratings,,"₹9,999", 31 Reviews
885,4,53 Ratings,"₹8,299","₹6,299", 4 Reviews
886,4,454 Ratings,,"₹5,990", 36 Reviews
887,4,"6,332 Ratings",,"₹8,499", 788 Reviews
888,,,"₹11,999","₹9,999",
889,,,"₹11,999","₹9,999",
890,,,"₹6,999","₹4,853",
891,3.2,35 Ratings,"₹6,999","₹4,499", 1 Reviews
892,,,"₹6,999","₹4,853",
893,3.2,35 Ratings,"₹6,999","₹5,331", 1 Reviews
894,,,"₹1,499",₹558,
895,4.3,806 Ratings,"₹29,999","₹17,989", 50 Reviews
896,4.3,806 Ratings,"₹29,999","₹18,999", 50 Reviews
897,4.4,"20,337 Ratings","₹24,999","₹17,999"," 1,325 Reviews"
898,4.3,"3,104 Ratings","₹29,999","₹15,799", 205 Reviews
899,4.3,"1,931 Ratings","₹16,999","₹11,700", 78 Reviews
900,4.3,"1,931 Ratings","₹16,999","₹16,000", 78 Reviews
901,4.3,854 Ratings,,"₹21,999", 68 Reviews
902,4.2,51 Ratings,,"₹8,299", 10 Reviews
903,4.3,"3,104 Ratings","₹26,999","₹16,788", 205 Reviews
904,4.3,"3,104 Ratings","₹29,999","₹16,789", 205 Reviews
905,4.3,"1,931 Ratings","₹16,999","₹11,700", 78 Reviews
906,4.1,319 Ratings,"₹23,999","₹21,999", 29 Reviews
907,4.3,"1,931 Ratings","₹16,999","₹14,399", 78 Reviews
908,4.4,"1,14,323 Ratings","₹23,999","₹14,999"," 7,164 Reviews"
909,4.3,"5,863 Ratings","₹23,999","₹15,990", 370 Reviews
910,4.3,854 Ratings,,"₹21,999", 68 Reviews
911,4.2,40 Ratings,,"₹12,999", 4 Reviews
912,4,190 Ratings,,, 11 Reviews
913,4.1,"3,338 Ratings","₹8,990","₹6,554", 133 Reviews
914,4.3,"1,542 Ratings","₹8,599","₹6,899", 76 Reviews
915,4.1,"3,338 Ratings","₹9,999","₹6,889", 133 Reviews
916,3.3,30 Ratings,"₹4,999","₹2,899", 3 Reviews
917,3.1,29 Ratings,"₹4,999","₹2,999", 1 Reviews
918,3.5,17 Ratings,"₹4,999","₹3,032", 1 Reviews
919,3.3,132 Ratings,,, 13 Reviews
920,3.9,113 Ratings,"₹12,415","₹7,999", 10 Reviews
921,3.6,77 Ratings,"₹10,999","₹7,999", 0 Reviews
922,4.1,"3,338 Ratings","₹9,999","₹6,998", 133 Reviews
923,4.1,"1,503 Ratings",,"₹12,399", 135 Reviews
924,4.3,"46,318 Ratings","₹7,999","₹6,699"," 2,821 Reviews"
925,4.1,"3,338 Ratings","₹9,999","₹6,988", 133 Reviews
926,3,13 Ratings,"₹6,999","₹4,499", 3 Reviews
927,4.2,47 Ratings,"₹9,199","₹7,499", 4 Reviews
928,4.3,"6,537 Ratings","₹9,999","₹9,699", 503 Reviews
929,3.9,"8,254 Ratings",,"₹10,299"," 1,263 Reviews"
930,4.1,"1,503 Ratings",,"₹12,300", 135 Reviews
931,4.1,"1,503 Ratings",,"₹12,399", 135 Reviews
932,4.2,47 Ratings,"₹9,199","₹7,799", 4 Reviews
933,3.9,"8,254 Ratings",,"₹10,299"," 1,263 Reviews"
934,4.1,"3,338 Ratings","₹8,990","₹6,508", 133 Reviews
935,3.8,"1,495 Ratings","₹16,799","₹6,599", 353 Reviews
936,4.2,"12,804 Ratings","₹24,999","₹15,999"," 1,178 Reviews"
937,4.2,"1,630 Ratings","₹37,999","₹25,999", 199 Reviews
938,4.2,"12,804 Ratings","₹24,999","₹15,999"," 1,178 Reviews"
939,4.2,"1,630 Ratings","₹37,999","₹25,999", 199 Reviews
940,4.2,"12,804 Ratings","₹24,999","₹15,999"," 1,178 Reviews"
941,4.2,"1,630 Ratings","₹41,999","₹28,999", 199 Reviews
942,4.2,"1,630 Ratings","₹41,999","₹28,999", 199 Reviews
943,4.2,"1,630 Ratings","₹37,999","₹25,999", 199 Reviews
944,4.3,"84,705 Ratings","₹34,999","₹26,999"," 8,781 Reviews"
945,4.3,"84,705 Ratings","₹34,999","₹26,999"," 8,781 Reviews"
946,4.2,"4,923 Ratings","₹32,999","₹21,999", 399 Reviews
947,4.2,"40,744 Ratings","₹27,999","₹18,999"," 2,660 Reviews"
948,4.3,"84,705 Ratings","₹34,999","₹22,999"," 8,781 Reviews"
949,4.2,"1,630 Ratings","₹41,999","₹28,999", 199 Reviews
950,4,96 Ratings,"₹99,999","₹89,999", 8 Reviews
951,4.3,"60,188 Ratings","₹27,999","₹22,999"," 6,076 Reviews"
952,4.3,"84,705 Ratings","₹34,999","₹27,990"," 8,781 Reviews"
953,4.3,"60,188 Ratings","₹27,999","₹22,999"," 6,076 Reviews"
954,4.2,"90,879 Ratings","₹10,999","₹5,999"," 7,769 Reviews"
955,4.2,"90,879 Ratings","₹10,999","₹7,289"," 7,769 Reviews"
956,3.2,11 Ratings,,"₹5,990", 0 Reviews
957,4.3,"5,254 Ratings","₹19,999","₹14,999", 322 Reviews
958,4.3,"5,254 Ratings","₹19,999","₹12,999", 322 Reviews
959,4.3,"33,747 Ratings","₹21,999","₹13,999"," 2,271 Reviews"
960,4,306 Ratings,,"₹4,799", 22 Reviews
961,4,306 Ratings,,"₹4,799", 22 Reviews
962,4.6,"2,736 Ratings","₹37,999","₹37,698", 231 Reviews
963,4.7,243 Ratings,,"₹32,990", 65 Reviews
964,4.6,"2,736 Ratings","₹36,490","₹35,999", 231 Reviews
965,3.8,"4,493 Ratings",,"₹18,000", 444 Reviews
966,4,"10,319 Ratings",,"₹16,000"," 1,170 Reviews"
967,3.8,"5,049 Ratings","₹20,000","₹8,209", 505 Reviews
968,4.2,"3,972 Ratings",,"₹9,990", 660 Reviews
969,3.9,"1,384 Ratings","₹1,548",₹912, 91 Reviews
970,4.2,263 Ratings,,"₹7,599", 147 Reviews
971,3.9,"1,384 Ratings","₹1,199",₹888, 91 Reviews
972,4.2,41 Ratings,,"₹7,499", 27 Reviews
973,4.4,10 Ratings,"₹14,999","₹8,999", 0 Reviews
974,4,497 Ratings,,"₹34,499", 119 Reviews
975,4.2,"18,897 Ratings","₹22,999","₹16,999"," 1,068 Reviews"
976,4,76 Ratings,,"₹16,999", 13 Reviews
977,4,45 Ratings,"₹50,999","₹50,699", 1 Reviews
978,4.6,"3,702 Ratings",,"₹32,999", 288 Reviews
979,4,497 Ratings,,"₹34,499", 119 Reviews
980,4.6,"3,702 Ratings","₹32,999","₹32,699", 288 Reviews
981,4.3,"3,94,392 Ratings","₹19,999","₹12,999"," 41,625 Reviews"
982,4.2,51 Ratings,,"₹8,299", 10 Reviews
983,4.2,25 Ratings,,"₹10,199", 6 Reviews
984,4,"9,422 Ratings",,"₹14,000"," 1,089 Reviews"
985,4,"9,422 Ratings","₹14,000","₹11,649"," 1,089 Reviews"
986,4.5,90 Ratings,,"₹1,09,999", 8 Reviews
987,3.6,62 Ratings,,"₹4,999", 6 Reviews
988,4.5,90 Ratings,,"₹1,09,999", 8 Reviews
989,3.6,67 Ratings,,"₹4,499", 24 Reviews
990,3.6,38 Ratings,,"₹5,990", 4 Reviews
991,4.3,6 Ratings,,"₹7,999", 1 Reviews
992,4.1,"10,628 Ratings","₹23,999","₹14,490", 984 Reviews
993,3.6,62 Ratings,,"₹4,999", 6 Reviews
994,4.2,"13,002 Ratings","₹16,999","₹8,999"," 1,275 Reviews"
995,4.4,321 Ratings,"₹89,989","₹70,999", 46 Reviews
996,3.3,7 Ratings,,"₹5,490", 2 Reviews
997,3.3,7 Ratings,,"₹5,490", 2 Reviews
998,3,105 Ratings,,"₹3,790", 18 Reviews
999,4.2,"13,002 Ratings","₹16,999","₹8,899"," 1,275 Reviews"
1000,4.5,90 Ratings,,"₹1,09,999", 8 Reviews
1001,4.5,90 Ratings,,"₹1,09,999", 8 Reviews
1002,4.9,29 Ratings,,"₹1,24,999", 6 Reviews
1003,4.3,135 Ratings,"₹16,499","₹14,249", 10 Reviews
1004,4,385 Ratings,"₹17,999","₹16,319", 49 Reviews
1005,4.1,"10,628 Ratings","₹23,999","₹20,999", 984 Reviews
1006,4.2,426 Ratings,,"₹21,999", 26 Reviews
1007,4,385 Ratings,,"₹17,999", 49 Reviews
1008,3.9,"10,881 Ratings","₹43,999","₹18,999"," 1,003 Reviews"
1009,4.2,"3,227 Ratings","₹18,998","₹11,994", 206 Reviews
1010,4.4,"63,776 Ratings","₹31,999","₹24,999"," 6,637 Reviews"
1011,4.1,765 Ratings,"₹30,999","₹21,999", 47 Reviews
1012,4.2,"2,989 Ratings","₹17,999","₹11,890", 203 Reviews
1013,4.2,"3,227 Ratings","₹18,999","₹11,990", 206 Reviews
1014,4.2,"5,516 Ratings","₹46,999","₹24,729", 570 Reviews
1015,4.2,"2,989 Ratings","₹18,999","₹11,990", 203 Reviews
1016,4.5,"11,582 Ratings","₹29,999","₹25,999", 614 Reviews
1017,4.4,712 Ratings,"₹29,999","₹26,089", 43 Reviews
1018,4.3,"5,856 Ratings","₹8,999","₹7,299", 289 Reviews
1019,4.1,"11,243 Ratings","₹9,999","₹5,999", 482 Reviews
1020,5,7 Ratings,"₹19,999","₹16,991", 1 Reviews
1021,3.8,70 Ratings,"₹1,999",₹854, 3 Reviews
1022,4.1,"7,390 Ratings","₹10,999","₹6,499", 306 Reviews
1023,4.3,"38,563 Ratings","₹31,999","₹15,999"," 3,302 Reviews"
1024,4.3,"1,542 Ratings","₹8,599","₹6,899", 76 Reviews
1025,4.2,162 Ratings,"₹13,999","₹9,099", 11 Reviews
1026,4.3,176 Ratings,"₹30,999","₹25,388", 8 Reviews
1027,4.2,"3,227 Ratings","₹19,999","₹13,490", 206 Reviews
1028,4.1,"4,807 Ratings","₹20,999","₹13,990", 344 Reviews
1029,4.1,"11,243 Ratings","₹9,999","₹5,999", 482 Reviews
1030,4.3,"50,534 Ratings","₹16,999","₹12,490"," 2,875 Reviews"
1031,4.2,594 Ratings,"₹23,999","₹20,990", 54 Reviews
1032,,,₹999,₹255,
1033,,,₹999,₹230,
1034,4.3,"1,798 Ratings","₹20,999","₹16,990", 114 Reviews
1035,4.3,"7,987 Ratings","₹23,990","₹13,704", 575 Reviews
1036,3.8,265 Ratings,₹999,₹243, 20 Reviews
1037,4.5,"1,16,707 Ratings","₹19,990","₹14,499"," 7,276 Reviews"
1038,4.3,"7,987 Ratings","₹23,990","₹17,999", 575 Reviews
1039,4.4,"13,487 Ratings",,"₹34,990"," 1,321 Reviews"
1040,4.4,"10,343 Ratings","₹24,990","₹19,990", 903 Reviews
1041,4.4,"67,182 Ratings","₹20,990","₹15,999"," 4,427 Reviews"
1042,4.5,"1,16,707 Ratings","₹19,990","₹14,499"," 7,276 Reviews"
1043,4.4,"10,343 Ratings","₹24,990","₹19,990", 903 Reviews
1044,4.4,"67,182 Ratings","₹20,990","₹15,999"," 4,427 Reviews"
1045,4.3,"7,987 Ratings","₹23,990","₹17,999", 575 Reviews
1046,4.4,"13,487 Ratings",,"₹34,990"," 1,321 Reviews"
1047,4.4,"67,182 Ratings","₹20,990","₹15,999"," 4,427 Reviews"
1048,4.4,"13,487 Ratings",,"₹30,990"," 1,321 Reviews"
1049,4.3,"9,104 Ratings","₹32,999","₹17,345", 804 Reviews
1050,4.2,"12,865 Ratings","₹7,999","₹5,999", 950 Reviews
1051,4.2,"12,865 Ratings","₹7,999","₹5,999", 950 Reviews
1052,4.3,"12,111 Ratings","₹16,999","₹14,999", 602 Reviews
1053,4.5,"11,582 Ratings","₹29,999","₹25,999", 614 Reviews
1054,4,"10,918 Ratings","₹2,200",₹998, 620 Reviews
1055,4.3,"12,111 Ratings","₹16,999","₹14,999", 602 Reviews
1056,4.3,"49,953 Ratings",,"₹12,999"," 2,995 Reviews"
1057,4.3,"2,12,390 Ratings",,"₹14,999"," 10,811 Reviews"
1058,4.4,"18,842 Ratings","₹24,999","₹17,999"," 1,694 Reviews"
1059,4.3,"2,12,390 Ratings",,"₹14,999"," 10,811 Reviews"
1060,4.3,"2,12,390 Ratings",,"₹14,999"," 10,811 Reviews"
1061,4.3,"2,12,390 Ratings",,"₹14,999"," 10,811 Reviews"
1062,4.3,"2,12,390 Ratings",,"₹14,999"," 10,811 Reviews"
1063,4.5,"11,582 Ratings","₹29,999","₹25,999", 614 Reviews
1064,4.3,"49,953 Ratings",,"₹12,999"," 2,995 Reviews"
1065,4.3,"49,953 Ratings",,"₹12,999"," 2,995 Reviews"
1066,4.3,"2,12,390 Ratings",,"₹14,999"," 10,811 Reviews"
1067,4.5,"1,86,736 Ratings","₹16,999","₹12,999"," 6,564 Reviews"
1068,4.3,"49,953 Ratings",,"₹12,999"," 2,995 Reviews"
1069,3.7,10 Ratings,,"₹7,999", 1 Reviews
1070,4.5,"1,86,736 Ratings","₹16,999","₹12,999"," 6,564 Reviews"
1071,3.8,20 Ratings,,"₹7,888", 9 Reviews
1072,4.3,6 Ratings,,"₹7,999", 1 Reviews
1073,3,13 Ratings,"₹6,999","₹4,499", 3 Reviews
1074,2.6,9 Ratings,,"₹2,990", 3 Reviews
1075,3.7,"2,397 Ratings",,"₹7,499", 241 Reviews
1076,3.6,"10,887 Ratings","₹3,900","₹3,855"," 2,153 Reviews"
1077,3.6,"10,887 Ratings","₹3,900","₹3,855"," 2,153 Reviews"
1078,4.1,"37,003 Ratings",,"₹7,999"," 3,973 Reviews"
1079,4.1,"66,178 Ratings",,"₹7,999"," 8,076 Reviews"
